date,product,capacity_price,offered_capacity,allocated_capacity,month,gas,coal
2020-11-02,NEG_00_04,154.69,30,30,11,2.85,65.6
2020-11-03,NEG_00_04,389,80,80,11,4.75,174.5
2020-11-04,NEG_00_04,211.18,80,80,11,2.47,142.1
2020-11-05,NEG_00_04,87.92,30,30,11,2.78,65.4
2020-11-06,NEG_00_04,50.48,30,30,11,4.57,315
2020-11-07,NEG_00_04,32.91,30,30,11,4.57,315
2020-11-08,NEG_00_04,25.29,30,30,11,4.57,315
2020-11-09,NEG_00_04,29,80,80,11,2.81,143.85
2020-11-10,NEG_00_04,25.4,80,80,11,2.64,143.85
2020-11-11,NEG_00_04,19.52,80,80,11,5.72,143.85
2020-11-12,NEG_00_04,17.08,79,79,11,2.32,143.85
2020-11-13,NEG_00_04,15.8,79,79,11,3.1,143.85
2020-11-14,NEG_00_04,14.2,30,30,11,3.1,143.85
2020-11-15,NEG_00_04,80,30,30,11,3.1,143.85
2020-11-16,NEG_00_04,128,20,20,11,8.7,143.85
2020-11-17,NEG_00_04,62.5,20,20,11,3.66,143.85
2020-11-18,NEG_00_04,31.36,20,20,11,5.73,143.85
2020-11-19,NEG_00_04,105.26,20,20,11,8.28,143.85
2020-11-20,NEG_00_04,52.63,80,80,11,4.62,143.85
2020-11-21,NEG_00_04,26,80,80,11,4.62,143.85
2020-11-22,NEG_00_04,80,30,30,11,4.62,143.85
2020-11-23,NEG_00_04,54,30,30,11,9.26,143.85
2020-11-24,NEG_00_04,38.25,80,80,11,5.62,143.85
2020-11-25,NEG_00_04,35,80,80,11,5.19,143.85
2020-11-26,NEG_00_04,34.08,80,80,11,5.19,143.85
2020-11-27,NEG_00_04,28.28,100,100,11,5.71,143.85
2020-11-28,NEG_00_04,23.14,100,100,11,5.71,143.85
2020-11-29,NEG_00_04,24.99,100,100,11,5.71,143.85
2020-11-30,NEG_00_04,24.38,30,30,11,2.88,143.85
2020-12-01,NEG_00_04,28.22,24,24,12,4.26,143.85
2020-12-02,NEG_00_04,23,80,79,12,6.74,143.85
2020-12-03,NEG_00_04,21.1,100,100,12,4.44,143.85
2020-12-04,NEG_00_04,27,30,30,12,2.85,143.85
2020-12-05,NEG_00_04,19.5,29,29,12,2.85,143.85
2020-12-06,NEG_00_04,15.07,33,33,12,2.85,143.85
2020-12-07,NEG_00_04,16.82,33,33,12,5.5,143.85
2020-12-08,NEG_00_04,20,80,80,12,2.46,143.85
2020-12-09,NEG_00_04,20,80,80,12,2.84,70.2
2020-12-10,NEG_00_04,18.75,20,20,12,4.76,265.4
2020-12-11,NEG_00_04,23.28,30,30,12,2.77,136.4
2020-12-12,NEG_00_04,24,80,80,12,2.77,136.4
2020-12-13,NEG_00_04,19.12,30,30,12,2.77,136.4
2020-12-14,NEG_00_04,31.12,80,80,12,2.64,95.8
2020-12-15,NEG_00_04,24.99,80,80,12,7.48,326.15
2020-12-16,NEG_00_04,20.52,80,80,12,2.21,122.25
2020-12-17,NEG_00_04,24.31,30,30,12,3.08,369
2020-12-18,NEG_00_04,19.24,42,40,12,8.49,365.5
2020-12-19,NEG_00_04,19,30,30,12,8.49,365.5
2020-12-20,NEG_00_04,19.25,30,30,12,8.49,365.5
2020-12-21,NEG_00_04,19.56,30,30,12,3.7,156.25
2020-12-22,NEG_00_04,125.45,30,30,12,3.94,370.25
2020-12-23,NEG_00_04,31.46,100,100,12,7.71,233.05
2020-12-24,NEG_00_04,70,21,21,12,4.64,136
2020-12-25,NEG_00_04,49.17,20,20,12,4.64,136
2020-12-26,NEG_00_04,35.32,14,14,12,4.64,136
2020-12-27,NEG_00_04,214.61,30,30,12,4.64,136
2020-12-28,NEG_00_04,86.32,21,21,12,8.79,136
2020-12-29,NEG_00_04,27.76,21,21,12,3.24,136
2020-12-30,NEG_00_04,26.47,30,30,12,5.54,136
2020-12-31,NEG_00_04,28.11,30,30,12,6.27,225.1
2021-01-01,NEG_00_04,22.33,100,100,1,6.27,225.1
2021-01-02,NEG_00_04,19.33,30,30,1,6.27,225.1
2021-01-03,NEG_00_04,18.52,30,30,1,6.27,225.1
2021-01-04,NEG_00_04,21.24,30,30,1,2.78,123.1
2021-01-05,NEG_00_04,19.44,30,30,1,4.06,266
2021-01-06,NEG_00_04,19.64,30,30,1,6.28,190.5
2021-01-07,NEG_00_04,19.08,100,100,1,3.82,65.4
2021-01-08,NEG_00_04,17.68,100,100,1,3.99,177.3
2021-01-09,NEG_00_04,17.83,40,40,1,3.99,177.3
2021-01-10,NEG_00_04,15.52,30,30,1,3.99,177.3
2021-01-11,NEG_00_04,15.89,30,30,1,2.79,136.85
2021-01-12,NEG_00_04,42.5,30,30,1,4.89,66.15
2021-01-13,NEG_00_04,32,30,30,1,2.41,436.5
2021-01-14,NEG_00_04,20,30,30,1,2.82,141.4
2021-01-15,NEG_00_04,17.31,40,40,1,4.72,259.8
2021-01-16,NEG_00_04,14.56,40,40,1,4.72,259.8
2021-01-17,NEG_00_04,13.8,40,40,1,4.72,259.8
2021-01-18,NEG_00_04,13.76,40,40,1,4.72,136.1
2021-01-19,NEG_00_04,21.8,30,30,1,3.01,96.4
2021-01-20,NEG_00_04,42.12,30,30,1,2.1,327.15
2021-01-21,NEG_00_04,66.68,30,30,1,2.97,123.6
2021-01-22,NEG_00_04,53.67,30,30,1,7.95,139.7
2021-01-23,NEG_00_04,20.57,40,40,1,7.95,139.7
2021-01-24,NEG_00_04,15.65,30,30,1,7.95,139.7
2021-01-25,NEG_00_04,13.88,30,30,1,2.17,366.05
2021-01-26,NEG_00_04,14.4,30,30,1,3.04,162.2
2021-01-27,NEG_00_04,12.63,30,30,1,8.52,376
2021-01-28,NEG_00_04,12,30,30,1,4.03,50.9
2021-01-29,NEG_00_04,13.64,30,30,1,8.27,139.75
2021-01-30,NEG_00_04,14.12,30,30,1,8.27,139.75
2021-01-31,NEG_00_04,13,30,30,1,8.27,139.75
2021-02-01,NEG_00_04,12.56,30,30,2,4.71,229.5
2021-02-02,NEG_00_04,11.3,30,30,2,6.47,124.25
2021-02-03,NEG_00_04,17.65,20,20,2,3.06,267
2021-02-04,NEG_00_04,42.35,34,34,2,5.67,120
2021-02-05,NEG_00_04,22.58,16,16,2,5.98,187.25
2021-02-06,NEG_00_04,24.5,20,20,2,5.98,187.25
2021-02-07,NEG_00_04,120.02,20,20,2,5.98,187.25
2021-02-08,NEG_00_04,53,20,20,2,2.51,63.75
2021-02-09,NEG_00_04,50.4,14,14,2,4.13,177.45
2021-02-10,NEG_00_04,32.67,20,20,2,2.58,138.5
2021-02-11,NEG_00_04,29.36,100,100,2,3.72,65.7
2021-02-12,NEG_00_04,26,35,35,2,4.17,353.75
2021-02-13,NEG_00_04,23.16,14,14,2,4.17,353.75
2021-02-14,NEG_00_04,20.04,20,20,2,4.17,353.75
2021-02-15,NEG_00_04,23.8,16,16,2,4.17,131.75
2021-02-16,NEG_00_04,19.1,100,100,2,2.94,149
2021-02-17,NEG_00_04,34.04,60,60,2,4.57,78.65
2021-02-18,NEG_00_04,27.94,20,20,2,2.75,283.1
2021-02-19,NEG_00_04,38.21,50,50,2,5.02,131.5
2021-02-20,NEG_00_04,24,16,16,2,5.02,131.5
2021-02-21,NEG_00_04,77,20,20,2,5.02,131.5
2021-02-22,NEG_00_04,55,16,16,2,5.71,100.5
2021-02-23,NEG_00_04,34,100,100,2,2.11,327.15
2021-02-24,NEG_00_04,31.16,16,16,2,2.97,140.05
2021-02-25,NEG_00_04,37.71,21,21,2,8.42,355
2021-02-26,NEG_00_04,27.01,100,62,2,2.1,165.15
2021-02-27,NEG_00_04,23.4,100,100,2,2.1,165.15
2021-02-28,NEG_00_04,29,20,20,2,2.1,165.15
2021-03-01,NEG_00_04,28.68,24,24,3,3.1,315.85
2021-03-02,NEG_00_04,22.02,24,24,3,4.16,51.05
2021-03-03,NEG_00_04,18.21,16,16,3,8.12,149.5
2021-03-04,NEG_00_04,17.74,100,100,3,5.77,221
2021-03-05,NEG_00_04,16,100,100,3,6.84,121.5
2021-03-06,NEG_00_04,15.52,24,24,3,6.84,121.5
2021-03-07,NEG_00_04,17,15,15,3,6.84,121.5
2021-03-08,NEG_00_04,18.56,14,14,3,3.05,69.3
2021-03-09,NEG_00_04,16.2,100,100,3,5.72,130.1
2021-03-10,NEG_00_04,14.2,100,74,3,6.4,178.75
2021-03-11,NEG_00_04,80,20,20,3,2.58,65
2021-03-12,NEG_00_04,82.32,20,20,3,2.7,183
2021-03-13,NEG_00_04,75,14,14,3,2.7,183
2021-03-14,NEG_00_04,97,18,18,3,2.7,183
2021-03-15,NEG_00_04,56,20,20,3,3.88,65.2
2021-03-16,NEG_00_04,33.33,100,100,3,3.72,432.5
2021-03-17,NEG_00_04,20.16,23,22,3,2.86,262
2021-03-18,NEG_00_04,17.14,23,23,3,2.7,144.05
2021-03-19,NEG_00_04,15.68,100,100,3,2.51,78.5
2021-03-20,NEG_00_04,13.5,24,24,3,2.51,78.5
2021-03-21,NEG_00_04,20.42,16,16,3,2.51,78.5
2021-03-22,NEG_00_04,18.48,16,16,3,6.03,311.5
2021-03-23,NEG_00_04,16.58,40,40,3,2.16,125.3
2021-03-24,NEG_00_04,13.23,24,24,3,2.94,101.25
2021-03-25,NEG_00_04,11.86,24,24,3,8.78,376
2021-03-26,NEG_00_04,10.1,14,14,3,2.14,141.1
2021-03-27,NEG_00_04,23.91,20,20,3,2.14,141.1
2021-03-28,NEG_00_04,19,15,15,3,2.14,141.1
2021-03-29,NEG_00_04,19.23,33,33,3,5.52,329.5
2021-03-30,NEG_00_04,16.17,15,15,3,4.14,247.75
2021-03-31,NEG_00_04,11.8,23,23,3,8.06,301
2021-04-01,NEG_00_04,9,20,20,4,6.31,50.85
2021-04-02,NEG_00_04,15.72,100,100,4,6.93,50.85
2021-04-03,NEG_00_04,16.5,20,20,4,6.93,50.85
2021-04-04,NEG_00_04,14.53,36,36,4,6.93,50.85
2021-04-05,NEG_00_04,57.66,11,11,4,2.94,148
2021-04-06,NEG_00_04,40,14,14,4,5.52,216
2021-04-07,NEG_00_04,29.41,100,100,4,5.58,64.9
2021-04-08,NEG_00_04,22,100,100,4,2.72,137.3
2021-04-09,NEG_00_04,16.64,13,13,4,3.81,177.75
2021-04-10,NEG_00_04,11.18,35,35,4,3.81,177.75
2021-04-11,NEG_00_04,16.64,11,11,4,3.81,177.75
2021-04-12,NEG_00_04,446.67,100,100,4,3.71,66.45
2021-04-13,NEG_00_04,79.2,100,100,4,2.46,65.25
2021-04-14,NEG_00_04,41.76,50,50,4,2.57,70.2
2021-04-15,NEG_00_04,28.8,50,50,4,2.46,290.1
2021-04-16,NEG_00_04,31.67,100,100,4,6.03,139
2021-04-17,NEG_00_04,29.67,100,100,4,6.03,139
2021-04-18,NEG_00_04,28.77,100,100,4,6.03,139
2021-04-19,NEG_00_04,70,100,100,4,2.01,80.05
2021-04-20,NEG_00_04,45,35,35,4,2.93,321
2021-04-21,NEG_00_04,33.08,35,35,4,8.04,127.15
2021-04-22,NEG_00_04,90,13,13,4,9.32,127.25
2021-04-23,NEG_00_04,48.36,100,100,4,3.64,380
2021-04-24,NEG_00_04,36,100,100,4,3.64,380
2021-04-25,NEG_00_04,31,11,11,4,3.64,380
2021-04-26,NEG_00_04,56,100,100,4,5.51,142.15
2021-04-27,NEG_00_04,40,100,71,4,4.14,313.65
2021-04-28,NEG_00_04,30.03,23,22,4,8.15,274.5
2021-04-29,NEG_00_04,23.4,24,24,4,5.68,294.35
2021-04-30,NEG_00_04,27.72,100,100,4,6.97,51.4
2021-05-01,NEG_00_04,103.32,40,40,5,6.97,51.4
2021-05-02,NEG_00_04,75.6,40,40,5,6.97,51.4
2021-05-03,NEG_00_04,272.44,40,40,5,2.89,148.25
2021-05-04,NEG_00_04,181.56,20,20,5,3.66,262.25
2021-05-05,NEG_00_04,200,20,20,5,5.47,64.25
2021-05-06,NEG_00_04,195.07,20,20,5,2.73,143.5
2021-05-07,NEG_00_04,129,20,20,5,3.92,172.3
2021-05-08,NEG_00_04,100,20,20,5,3.92,172.3
2021-05-09,NEG_00_04,200,20,20,5,3.92,172.3
2021-05-10,NEG_00_04,166.15,20,20,5,4.23,139.25
2021-05-11,NEG_00_04,116.75,20,20,5,2.58,123
2021-05-12,NEG_00_04,83.5,20,20,5,4.83,70.3
2021-05-13,NEG_00_04,70,20,20,5,2.69,290.65
2021-05-14,NEG_00_04,57.64,20,20,5,2.52,135.1
2021-05-15,NEG_00_04,45.12,13,13,5,2.52,135.1
2021-05-16,NEG_00_04,44.64,13,13,5,2.52,135.1
2021-05-17,NEG_00_04,66,13,13,5,6.36,81.55
2021-05-18,NEG_00_04,50.38,20,20,5,2.01,319.5
2021-05-19,NEG_00_04,36.33,11,11,5,2.96,333.6
2021-05-20,NEG_00_04,30.28,11,11,5,3.07,123.8
2021-05-21,NEG_00_04,37.72,11,11,5,9.29,384.75
2021-05-22,NEG_00_04,150.25,11,11,5,9.29,384.75
2021-05-23,NEG_00_04,146.25,20,20,5,9.29,384.75
2021-05-24,NEG_00_04,124.44,11,11,5,3.6,143.9
2021-05-25,NEG_00_04,107.88,20,20,5,6.3,168
2021-05-26,NEG_00_04,80.39,40,40,5,4.57,380
2021-05-27,NEG_00_04,67.8,40,40,5,7.84,237.1
2021-05-28,NEG_00_04,50.5,40,40,5,5.68,267.85
2021-05-29,NEG_00_04,41.84,20,20,5,5.68,267.85
2021-05-30,NEG_00_04,38.23,40,40,5,5.68,267.85
2021-05-31,NEG_00_04,54.4,40,40,5,5.68,267.85
2021-06-01,NEG_00_04,39,40,36,6,6.75,50.8
2021-06-02,NEG_00_04,32.22,12,12,6,6.94,122.2
2021-06-03,NEG_00_04,3382,100,100,6,2.41,266.65
2021-06-04,NEG_00_04,256.41,20,20,6,3.71,66.6
2021-06-05,NEG_00_04,115.5,20,20,6,3.71,66.6
2021-06-06,NEG_00_04,78.4,20,20,6,3.71,66.6
2021-06-07,NEG_00_04,83.13,40,40,6,5.72,140.2
2021-06-08,NEG_00_04,62.79,40,40,6,2.7,182.5
2021-06-09,NEG_00_04,45.07,12,12,6,2.88,136
2021-06-10,NEG_00_04,39.2,100,37,6,4.25,425.2
2021-06-11,NEG_00_04,51.4,40,40,6,2.4,124.5
2021-06-12,NEG_00_04,55.12,12,12,6,2.4,124.5
2021-06-13,NEG_00_04,83,10,10,6,2.4,124.5
2021-06-14,NEG_00_04,56,20,20,6,2.66,68.8
2021-06-15,NEG_00_04,41,20,20,6,4.53,280.7
2021-06-16,NEG_00_04,32,12,12,6,2.55,82.5
2021-06-17,NEG_00_04,28.1,100,100,6,2.52,106
2021-06-18,NEG_00_04,25.2,100,20,6,6.28,326.2
2021-06-19,NEG_00_04,27.3,20,20,6,6.28,326.2
2021-06-20,NEG_00_04,27.88,10,10,6,6.28,326.2
2021-06-21,NEG_00_04,32.1,12,12,6,2.24,124.65
2021-06-22,NEG_00_04,25.2,100,100,6,3.13,385
2021-06-23,NEG_00_04,21.05,100,100,6,8.7,168.2
2021-06-24,NEG_00_04,19.38,100,100,6,3.69,363.05
2021-06-25,NEG_00_04,17.28,100,100,6,6.03,232.65
2021-06-26,NEG_00_04,16.68,15,15,6,6.03,232.65
2021-06-27,NEG_00_04,20.32,15,15,6,6.03,232.65
2021-06-28,NEG_00_04,20,50,32,6,7.59,261.6
2021-06-29,NEG_00_04,15.89,100,100,6,4.91,200.9
2021-06-30,NEG_00_04,12.5,12,12,6,7.92,129.1
2021-07-01,NEG_00_04,10.5,100,100,7,5.57,263.3
2021-07-02,NEG_00_04,8.01,100,78,7,5.43,68.5
2021-07-03,NEG_00_04,7.72,10,10,7,5.43,68.5
2021-07-04,NEG_00_04,7.51,10,10,7,5.43,68.5
2021-07-05,NEG_00_04,6.83,100,100,7,5.43,68.25
2021-07-06,NEG_00_04,6.82,10,10,7,6.14,186.1
2021-07-07,NEG_00_04,5.78,10,10,7,2.4,129.65
2021-07-08,NEG_00_04,4.55,100,100,7,3.82,65.5
2021-07-09,NEG_00_04,4.29,100,100,7,5.96,439
2021-07-10,NEG_00_04,4.44,50,50,7,5.96,439
2021-07-11,NEG_00_04,6.9,50,50,7,5.96,439
2021-07-12,NEG_00_04,8.07,50,50,7,3.91,123.35
2021-07-13,NEG_00_04,6.54,50,50,7,2.84,67.2
2021-07-14,NEG_00_04,7.4,50,50,7,4.01,295
2021-07-15,NEG_00_04,23.08,10,10,7,2.43,127.15
2021-07-16,NEG_00_04,35.94,50,50,7,2.66,105.75
2021-07-17,NEG_00_04,44,10,10,7,2.66,105.75
2021-07-18,NEG_00_04,87.46,10,10,7,2.66,105.75
2021-07-19,NEG_00_04,43.6,10,10,7,4.53,330
2021-07-20,NEG_00_04,24,50,50,7,2.54,125.5
2021-07-21,NEG_00_04,17.4,50,50,7,2.53,388.9
2021-07-22,NEG_00_04,12.9,80,80,7,7.03,320
2021-07-23,NEG_00_04,9,100,100,7,2.27,169
2021-07-24,NEG_00_04,30,10,10,7,2.27,169
2021-07-25,NEG_00_04,28.99,10,10,7,2.27,169
2021-07-26,NEG_00_04,22.6,10,10,7,3.13,341
2021-07-27,NEG_00_04,16.11,10,10,7,8.96,230
2021-07-28,NEG_00_04,13.04,10,10,7,3.67,157.5
2021-07-29,NEG_00_04,42.69,10,10,7,4.06,191.5
2021-07-30,NEG_00_04,26.92,10,10,7,7.83,134.55
2021-07-31,NEG_00_04,47.32,10,10,7,7.83,134.55
2021-08-01,NEG_00_04,33,10,10,8,7.83,134.55
2021-08-02,NEG_00_04,26.5,10,10,8,5.03,256.5
2021-08-03,NEG_00_04,17.74,10,10,8,8,172.6
2021-08-04,NEG_00_04,12.76,50,50,8,2.86,68.6
2021-08-05,NEG_00_04,10.14,11,11,8,4.98,187.75
2021-08-06,NEG_00_04,15,11,11,8,5.87,128
2021-08-07,NEG_00_04,24.1,11,11,8,5.87,128
2021-08-08,NEG_00_04,60.67,10,10,8,5.87,128
2021-08-09,NEG_00_04,51.99,10,10,8,2.44,66
2021-08-10,NEG_00_04,30.73,11,11,8,3.81,418
2021-08-11,NEG_00_04,19.9,50,50,8,6.25,126.75
2021-08-12,NEG_00_04,15.26,80,79,8,4.08,67.55
2021-08-13,NEG_00_04,11.41,50,50,8,3.64,310.85
2021-08-14,NEG_00_04,21.45,11,11,8,3.64,310.85
2021-08-15,NEG_00_04,28,11,11,8,3.64,310.85
2021-08-16,NEG_00_04,27.5,11,11,8,2.91,125
2021-08-17,NEG_00_04,119.36,11,11,8,3.96,108.25
2021-08-18,NEG_00_04,43.33,11,11,8,2.51,323
2021-08-19,NEG_00_04,34.8,11,11,8,2.69,126.8
2021-08-20,NEG_00_04,23.24,50,50,8,4.63,145.75
2021-08-21,NEG_00_04,19.8,20,20,8,4.63,145.75
2021-08-22,NEG_00_04,21.95,11,11,8,4.63,145.75
2021-08-23,NEG_00_04,23.83,20,20,8,2.43,328.75
2021-08-24,NEG_00_04,20,20,20,8,2.17,169.7
2021-08-25,NEG_00_04,15,20,20,8,2.93,337
2021-08-26,NEG_00_04,22.58,11,11,8,7.39,51.05
2021-08-27,NEG_00_04,17.29,20,20,8,2.19,152
2021-08-28,NEG_00_04,23.24,11,11,8,2.19,152
2021-08-29,NEG_00_04,26,20,20,8,2.19,152
2021-08-30,NEG_00_04,25.48,20,20,8,3.15,152
2021-08-31,NEG_00_04,23.04,20,20,8,8.85,188.8
2021-09-01,NEG_00_04,20,50,50,9,4.09,63.3
2021-09-02,NEG_00_04,18.62,80,80,9,8.2,134.9
2021-09-03,NEG_00_04,15.85,80,80,9,4.94,260.9
2021-09-04,NEG_00_04,16.83,20,20,9,4.94,260.9
2021-09-05,NEG_00_04,24,11,11,9,4.94,260.9
2021-09-06,NEG_00_04,24.3,20,20,9,4.94,138.55
2021-09-07,NEG_00_04,18.74,80,80,9,6.44,172.1
2021-09-08,NEG_00_04,15.68,80,80,9,2.95,68
2021-09-09,NEG_00_04,17.68,50,50,9,4.88,188.15
2021-09-10,NEG_00_04,14.84,80,80,9,6.24,132
2021-09-11,NEG_00_04,13.95,50,50,9,6.24,132
2021-09-12,NEG_00_04,18.64,50,50,9,6.24,132
2021-09-13,NEG_00_04,16.41,50,50,9,2.55,65.8
2021-09-14,NEG_00_04,16.04,80,80,9,3.93,367.5
2021-09-15,NEG_00_04,41.54,20,20,9,2.75,135
2021-09-16,NEG_00_04,41.25,80,80,9,4.25,135.1
2021-09-17,NEG_00_04,37,80,80,9,3.67,83.8
2021-09-18,NEG_00_04,42.7,80,80,9,3.67,83.8
2021-09-19,NEG_00_04,46.22,50,50,9,3.67,83.8
2021-09-20,NEG_00_04,38.62,80,80,9,2.87,313.15
2021-09-21,NEG_00_04,31.6,80,80,9,3.94,122.45
2021-09-22,NEG_00_04,28.96,50,50,9,2.67,110
2021-09-23,NEG_00_04,58,20,20,9,4.73,317.5
2021-09-24,NEG_00_04,136,20,20,9,6.64,146
2021-09-25,NEG_00_04,71.76,50,50,9,6.64,146
2021-09-26,NEG_00_04,48.08,50,50,9,6.64,146
2021-09-27,NEG_00_04,47,20,20,9,2.19,342
2021-09-28,NEG_00_04,56.45,50,50,9,2.96,170.85
2021-09-29,NEG_00_04,50.75,50,50,9,7.64,262
2021-09-30,NEG_00_04,256.76,20,20,9,3.3,142.1
2021-10-01,NEG_00_04,186.92,20,20,10,6.43,190.65
2021-10-02,NEG_00_04,130,20,20,10,6.43,190.65
2021-10-03,NEG_00_04,688.92,20,20,10,6.43,190.65
2021-10-04,NEG_00_04,237,20,20,10,4.06,64
2021-10-05,NEG_00_04,135.69,50,50,10,8.87,134.9
2021-10-06,NEG_00_04,220.51,50,50,10,5.35,68.5
2021-10-07,NEG_00_04,171.79,50,50,10,6.6,136
2021-10-08,NEG_00_04,115.64,100,100,10,3.03,165
2021-10-09,NEG_00_04,90.64,50,50,10,3.03,165
2021-10-10,NEG_00_04,100,20,20,10,3.03,165
2021-10-11,NEG_00_04,109.38,20,20,10,5.15,67.35
2021-10-12,NEG_00_04,260,20,20,10,5.88,189.5
2021-10-13,NEG_00_04,320,50,50,10,2.59,65.8
2021-10-14,NEG_00_04,861,50,50,10,2.75,363.95
2021-10-15,NEG_00_04,1500,50,50,10,4.86,300
2021-10-16,NEG_00_04,586.2,20,20,10,4.86,300
2021-10-17,NEG_00_04,412.47,50,50,10,4.86,300
2021-10-18,NEG_00_04,290.12,50,50,10,3.7,129.45
2021-10-19,NEG_00_04,238.94,50,50,10,2.91,84.8
2021-10-20,NEG_00_04,971.25,20,20,10,2.6,319
2021-10-21,NEG_00_04,787.5,20,20,10,2.56,110
2021-10-22,NEG_00_04,645.83,20,20,10,6.68,390
2021-10-23,NEG_00_04,441.14,20,20,10,6.68,390
2021-10-24,NEG_00_04,290,20,20,10,6.68,390
2021-10-25,NEG_00_04,244,20,20,10,2.09,147.6
2021-10-26,NEG_00_04,183.52,20,20,10,2.97,344
2021-10-27,NEG_00_04,216.92,20,20,10,7.74,241.5
2021-10-28,NEG_00_04,182.07,50,50,10,3.75,265.85
2021-10-29,NEG_00_04,167,50,50,10,6.16,142
2021-10-30,NEG_00_04,158,20,20,10,6.16,142
2021-10-31,NEG_00_04,227.05,20,20,10,6.16,142
2021-11-01,NEG_00_04,320,20,20,11,3.93,190.55
2021-11-02,NEG_00_04,188,90,90,11,8.77,65
2021-11-03,NEG_00_04,129.54,50,50,11,8.25,70.5
2021-11-04,NEG_00_04,92.6,25,25,11,5.51,139
2021-11-05,NEG_00_04,121.71,50,50,11,6.44,172.7
2021-11-06,NEG_00_04,127.52,20,20,11,6.44,172.7
2021-11-07,NEG_00_04,377,20,20,11,6.44,172.7
2021-11-08,NEG_00_04,260,20,20,11,2.98,67
2021-11-09,NEG_00_04,129,50,50,11,4.79,66.05
2021-11-10,NEG_00_04,90,50,50,11,6.59,68.35
2021-11-11,NEG_00_04,71.25,120,120,11,2.73,320
2021-11-12,NEG_00_04,56,50,50,11,4.27,133.8
2021-11-13,NEG_00_04,85.51,50,50,11,4.27,133.8
2021-11-14,NEG_00_04,77.29,20,20,11,4.27,133.8
2021-11-15,NEG_00_04,76,50,50,11,3.42,85.85
2021-11-16,NEG_00_04,60.8,50,50,11,2.41,325.5
2021-11-17,NEG_00_04,54.52,50,50,11,2.45,126.65
2021-11-18,NEG_00_04,102.1,20,20,11,2.62,397.5
2021-11-19,NEG_00_04,150,20,12,11,7,150
2021-11-20,NEG_00_04,106.76,50,50,11,7,150
2021-11-21,NEG_00_04,104.64,20,20,11,7,150
2021-11-22,NEG_00_04,107,50,50,11,2.01,350.5
2021-11-23,NEG_00_04,120,50,50,11,2.97,329
2021-11-24,NEG_00_04,90,30,30,11,7.66,243.15
2021-11-25,NEG_00_04,70,50,50,11,7.66,280.1
2021-11-26,NEG_00_04,102.62,50,50,11,8.61,139
2021-11-27,NEG_00_04,158,20,20,11,8.61,139
2021-11-28,NEG_00_04,91.56,20,20,11,8.61,139
2021-11-29,NEG_00_04,88.2,50,50,11,3.7,250.25
2021-11-30,NEG_00_04,123.45,20,20,11,6.69,70.15
2021-12-01,NEG_00_04,110.64,20,20,12,3.86,148.9
2021-12-02,NEG_00_04,120,20,20,12,5.23,169
2021-12-03,NEG_00_04,94.96,20,20,12,8.28,132
2021-12-04,NEG_00_04,108.35,20,20,12,8.28,132
2021-12-05,NEG_00_04,106.75,20,20,12,8.28,132
2021-12-06,NEG_00_04,97.14,20,20,12,5.59,138.65
2021-12-07,NEG_00_04,174.88,20,20,12,6.74,68.85
2021-12-08,NEG_00_04,67.46,11,11,12,3,321.35
2021-12-09,NEG_00_04,37,50,50,12,3.79,134.4
2021-12-10,NEG_00_04,34.03,20,20,12,6.94,85.7
2021-12-11,NEG_00_04,20.55,50,50,12,6.94,85.7
2021-12-12,NEG_00_04,39.45,50,50,12,6.94,85.7
2021-12-13,NEG_00_04,26.58,50,50,12,2.67,319
2021-12-14,NEG_00_04,44.28,50,50,12,4.26,317.15
2021-12-15,NEG_00_04,40.73,50,50,12,4.2,131.1
2021-12-16,NEG_00_04,40.32,50,50,12,2.57,395
2021-12-17,NEG_00_04,36.1,20,20,12,4.66,149.7
2021-12-18,NEG_00_04,24.23,20,20,12,4.66,149.7
2021-12-19,NEG_00_04,61.81,20,20,12,4.66,149.7
2021-12-20,NEG_00_04,33.42,20,20,12,2.57,171.7
2021-12-21,NEG_00_04,28.96,20,20,12,2.62,336
2021-12-22,NEG_00_04,22.86,80,80,12,7.3,244.95
2021-12-23,NEG_00_04,16.66,20,20,12,2.11,272.5
2021-12-24,NEG_00_04,52.4,20,20,12,2.11,136.5
2021-12-25,NEG_00_04,29.81,20,20,12,2.11,136.5
2021-12-26,NEG_00_04,28,20,20,12,2.11,136.5
2021-12-27,NEG_00_04,37.57,20,20,12,2.96,247
2021-12-28,NEG_00_04,33.04,20,20,12,3.35,69.9
2021-12-29,NEG_00_04,28.56,20,20,12,7.19,154
2021-12-30,NEG_00_04,45.52,20,20,12,3.66,190.35
2021-12-31,NEG_00_04,52.94,20,20,12,6.6,134
2022-01-01,NEG_00_04,44.69,20,20,1,6.6,134
2022-01-02,NEG_00_04,40.34,20,20,1,6.6,134
2022-01-03,NEG_00_04,50.85,20,20,1,5.26,357.35
2022-01-04,NEG_00_04,35.15,20,20,1,9.11,141
2022-01-05,NEG_00_04,31,20,20,1,5.69,69.15
2022-01-06,NEG_00_04,26.46,11,11,1,6.45,322.55
2022-01-07,NEG_00_04,25.62,20,20,1,5.93,135.9
2022-01-08,NEG_00_04,18.36,20,20,1,5.93,135.9
2022-01-09,NEG_00_04,71.82,20,20,1,5.93,135.9
2022-01-10,NEG_00_04,30.88,20,20,1,2.68,85.4
2022-01-11,NEG_00_04,20.54,40,40,1,3.75,109
2022-01-12,NEG_00_04,15.33,50,50,1,6.43,323
2022-01-13,NEG_00_04,20,50,50,1,2.74,131.75
2022-01-14,NEG_00_04,37.32,11,11,1,4.31,392.6
2022-01-15,NEG_00_04,17.91,50,50,1,4.31,392.6
2022-01-16,NEG_00_04,14.49,20,20,1,4.31,392.6
2022-01-17,NEG_00_04,88.02,20,20,1,4.31,171
2022-01-18,NEG_00_04,32.22,60,60,1,2.47,336
2022-01-19,NEG_00_04,19.25,50,50,1,2.48,243.65
2022-01-20,NEG_00_04,66.36,20,20,1,4.57,274
2022-01-21,NEG_00_04,34.35,60,20,1,2.44,194
2022-01-22,NEG_00_04,24.75,20,20,1,2.44,194
2022-01-23,NEG_00_04,16.13,50,50,1,2.44,194
2022-01-24,NEG_00_04,15.34,50,50,1,2.66,65.4
2022-01-25,NEG_00_04,14.12,60,60,1,3.24,140.55
2022-01-26,NEG_00_04,11.74,60,60,1,7.42,240.6
2022-01-27,NEG_00_04,48,20,20,1,3.61,68.6
2022-01-28,NEG_00_04,70,20,20,1,7.02,65.3
2022-01-29,NEG_00_04,38,20,20,1,7.02,65.3
2022-01-30,NEG_00_04,59.88,20,20,1,7.02,65.3
2022-01-31,NEG_00_04,29.06,20,20,1,8.73,186.65
2022-02-01,NEG_00_04,20,20,20,2,5.46,136.5
2022-02-02,NEG_00_04,55,20,20,2,8.32,66.35
2022-02-03,NEG_00_04,18.44,50,50,2,5.41,336.25
2022-02-04,NEG_00_04,15.02,50,50,2,5.02,138
2022-02-05,NEG_00_04,43.75,20,20,2,5.02,138
2022-02-06,NEG_00_04,63.26,20,20,2,5.02,138
2022-02-07,NEG_00_04,52.76,20,20,2,6.03,70.2
2022-02-08,NEG_00_04,28.62,20,20,2,2.68,108
2022-02-09,NEG_00_04,20.85,20,20,2,3.8,332.45
2022-02-10,NEG_00_04,11.8,50,50,2,6.97,132
2022-02-11,NEG_00_04,15.29,20,20,2,3.13,385.05
2022-02-12,NEG_00_04,10.64,20,20,2,3.13,385.05
2022-02-13,NEG_00_04,19.72,37,37,2,3.13,385.05
2022-02-14,NEG_00_04,53.65,20,20,2,4.72,353.9
2022-02-15,NEG_00_04,20.44,37,37,2,2.39,169.5
2022-02-16,NEG_00_04,26.26,37,37,2,2.56,337.2
2022-02-17,NEG_00_04,52.98,20,20,2,4.75,240.05
2022-02-18,NEG_00_04,34.32,38,38,2,2.51,138.65
2022-02-19,NEG_00_04,39.63,20,20,2,2.51,138.65
2022-02-20,NEG_00_04,25.61,30,30,2,2.51,138.65
2022-02-21,NEG_00_04,53.25,20,20,2,2.51,203.5
2022-02-22,NEG_00_04,63.9,33,20,2,2.68,65.8
2022-02-23,NEG_00_04,49.26,20,20,2,7.96,141.7
2022-02-24,NEG_00_04,26.35,20,20,2,3.25,240
2022-02-25,NEG_00_04,37.87,47,47,2,3.25,168
2022-02-26,NEG_00_04,20.84,50,50,2,3.25,168
2022-02-27,NEG_00_04,12.04,50,50,2,3.25,168
2022-02-28,NEG_00_04,10.45,50,50,2,7.46,65.6
2022-03-01,NEG_00_04,22.87,50,50,3,3.67,183.65
2022-03-02,NEG_00_04,10.5,60,60,3,3.95,137
2022-03-03,NEG_00_04,9.45,60,60,3,9.33,66.3
2022-03-04,NEG_00_04,8.44,60,60,3,5.34,312
2022-03-05,NEG_00_04,8.47,60,60,3,5.34,312
2022-03-06,NEG_00_04,8.7,20,20,3,5.34,312
2022-03-07,NEG_00_04,6.9,50,50,3,7.76,138
2022-03-08,NEG_00_04,6,60,60,3,2.7,71.6
2022-03-09,NEG_00_04,8.54,60,60,3,5.18,324
2022-03-10,NEG_00_04,6.89,20,20,3,6.2,108
2022-03-11,NEG_00_04,20.26,20,20,3,2.68,330.65
2022-03-12,NEG_00_04,17.42,20,20,3,2.68,330.65
2022-03-13,NEG_00_04,15.28,20,20,3,2.68,330.65
2022-03-14,NEG_00_04,13.15,20,20,3,3.77,132.6
2022-03-15,NEG_00_04,9.36,80,80,3,6.6,151.85
2022-03-16,NEG_00_04,6.7,80,80,3,3.59,358.05
2022-03-17,NEG_00_04,24,10,10,3,3.22,166.9
2022-03-18,NEG_00_04,11.29,60,60,3,4.49,331
2022-03-19,NEG_00_04,11.23,30,30,3,4.49,331
2022-03-20,NEG_00_04,17.1,20,20,3,4.49,331
2022-03-21,NEG_00_04,10.99,20,20,3,2.28,141.5
2022-03-22,NEG_00_04,7.34,50,50,3,2.53,197
2022-03-23,NEG_00_04,5.35,50,50,3,4.99,65.6
2022-03-24,NEG_00_04,4.02,80,80,3,2.34,147.9
2022-03-25,NEG_00_04,3,60,60,3,2.28,234.2
2022-03-26,NEG_00_04,4.98,50,50,3,2.28,234.2
2022-03-27,NEG_00_04,4.71,20,20,3,2.28,234.2
2022-03-28,NEG_00_04,4.1,80,80,3,3.11,156
2022-03-29,NEG_00_04,4.32,80,80,3,8.3,170
2022-03-30,NEG_00_04,3.53,50,50,3,3.25,65.35
2022-03-31,NEG_00_04,2.9,50,50,3,6.94,183.05
2022-04-01,NEG_00_04,23.68,20,20,4,3.84,136.5
2022-04-02,NEG_00_04,11.22,20,20,4,3.84,136.5
2022-04-03,NEG_00_04,6.17,25,25,4,3.84,136.5
2022-04-04,NEG_00_04,9.17,20,20,4,9.24,67.55
2022-04-05,NEG_00_04,34.15,20,20,4,5.11,316
2022-04-06,NEG_00_04,18.75,20,20,4,6,134.5
2022-04-07,NEG_00_04,52.16,20,20,4,2.69,136
2022-04-08,NEG_00_04,49,20,20,4,4.82,84.5
2022-04-09,NEG_00_04,21.02,20,20,4,4.82,84.5
2022-04-10,NEG_00_04,19.67,30,30,4,4.82,84.5
2022-04-11,NEG_00_04,11,20,20,4,6.37,329.35
2022-04-12,NEG_00_04,7.38,50,50,4,2.64,107.8
2022-04-13,NEG_00_04,7.03,50,50,4,3.69,335
2022-04-14,NEG_00_04,5.07,20,20,4,4.28,149.9
2022-04-15,NEG_00_04,4.2,50,50,4,4.28,149.9
2022-04-16,NEG_00_04,4.09,39,39,4,4.28,149.9
2022-04-17,NEG_00_04,3.89,20,20,4,4.28,149.9
2022-04-18,NEG_00_04,3.6,20,20,4,3.31,359.75
2022-04-19,NEG_00_04,3.64,20,20,4,3.08,168.6
2022-04-20,NEG_00_04,2.9,40,40,4,4.43,270.5
2022-04-21,NEG_00_04,2.5,50,50,4,2.48,142.95
2022-04-22,NEG_00_04,4.13,10,10,4,4.86,202
2022-04-23,NEG_00_04,4,20,20,4,4.86,202
2022-04-24,NEG_00_04,13.42,20,20,4,4.86,202
2022-04-25,NEG_00_04,7.26,20,20,4,7.82,65.65
2022-04-26,NEG_00_04,4.05,80,80,4,2.37,146
2022-04-27,NEG_00_04,2.7,80,80,4,3.01,67.25
2022-04-28,NEG_00_04,2,50,50,4,8.37,162.3
2022-04-29,NEG_00_04,1.79,60,60,4,3.22,175
2022-04-30,NEG_00_04,2.67,50,50,4,3.22,175
2022-05-01,NEG_00_04,5.66,80,80,5,3.22,175
2022-05-02,NEG_00_04,3.5,50,50,5,7.48,65.55
2022-05-03,NEG_00_04,2.7,80,80,5,3.85,184.1
2022-05-04,NEG_00_04,2,60,60,5,9.19,68.1
2022-05-05,NEG_00_04,1.67,50,50,5,4.99,324
2022-05-06,NEG_00_04,1.35,80,80,5,5.75,322.55
2022-05-07,NEG_00_04,1.83,60,60,5,5.75,322.55
2022-05-08,NEG_00_04,3.04,50,50,5,5.75,322.55
2022-05-09,NEG_00_04,2.41,50,50,5,2.71,137.05
2022-05-10,NEG_00_04,2.05,60,60,5,4.9,84.6
2022-05-11,NEG_00_04,1.84,50,50,5,6.3,331.8
2022-05-12,NEG_00_04,15.71,20,20,5,2.7,107.75
2022-05-13,NEG_00_04,5.16,50,50,5,2.55,374
2022-05-14,NEG_00_04,4.43,20,20,5,2.55,374
2022-05-15,NEG_00_04,3.4,20,20,5,2.55,374
2022-05-16,NEG_00_04,3.27,20,20,5,4.03,149.95
2022-05-17,NEG_00_04,2.32,60,60,5,3.28,365
2022-05-18,NEG_00_04,2,60,60,5,3.07,238.65
2022-05-19,NEG_00_04,1.63,20,20,5,2.54,267
2022-05-20,NEG_00_04,1.23,20,20,5,2.75,144.75
2022-05-21,NEG_00_04,9.16,20,20,5,2.75,144.75
2022-05-22,NEG_00_04,4.54,20,20,5,2.75,144.75
2022-05-23,NEG_00_04,3.17,50,50,5,7.18,207.65
2022-05-24,NEG_00_04,11.72,20,20,5,2.22,66
2022-05-25,NEG_00_04,3.9,80,80,5,2.96,67.5
2022-05-26,NEG_00_04,7.22,38,38,5,8.31,161.75
2022-05-27,NEG_00_04,14.4,20,20,5,3.78,175
2022-05-28,NEG_00_04,12.81,25,25,5,3.78,175
2022-05-29,NEG_00_04,6.87,20,20,5,3.78,175
2022-05-30,NEG_00_04,3.88,20,20,5,3.78,65.95
2022-05-31,NEG_00_04,2.34,80,80,5,7.26,68.45
2022-06-01,NEG_00_04,1.9,80,80,6,3.83,71.5
2022-06-02,NEG_00_04,1.46,20,20,6,9.34,322.5
2022-06-03,NEG_00_04,1.08,20,20,6,7.75,138
2022-06-04,NEG_00_04,1.85,20,20,6,7.75,138
2022-06-05,NEG_00_04,3.04,20,20,6,7.75,138
2022-06-06,NEG_00_04,3.89,11,11,6,5.09,84
2022-06-07,NEG_00_04,2.21,20,20,6,5.46,332
2022-06-08,NEG_00_04,1.57,20,20,6,2.59,133.1
2022-06-09,NEG_00_04,1.12,80,80,6,5.07,375
2022-06-10,NEG_00_04,0.8,20,20,6,5.85,145.9
2022-06-11,NEG_00_04,1.52,11,11,6,5.85,145.9
2022-06-12,NEG_00_04,3.03,20,20,6,5.85,145.9
2022-06-13,NEG_00_04,2.2,20,20,6,2.54,371.25
2022-06-14,NEG_00_04,1.39,20,20,6,3.8,334.25
2022-06-15,NEG_00_04,0.93,80,80,6,3.17,234.5
2022-06-16,NEG_00_04,1.48,20,20,6,2.22,268
2022-06-17,NEG_00_04,1.4,20,20,6,2.73,145.25
2022-06-18,NEG_00_04,1.46,20,20,6,2.73,145.25
2022-06-19,NEG_00_04,3.32,11,11,6,2.73,145.25
2022-06-20,NEG_00_04,1.9,20,20,6,2.73,230.5
2022-06-21,NEG_00_04,1.99,80,80,6,6.94,67.5
2022-06-22,NEG_00_04,11.96,20,20,6,2.25,159.5
2022-06-23,NEG_00_04,5.75,20,20,6,2.93,174.45
2022-06-24,NEG_00_04,8.76,20,20,6,8.08,136.5
2022-06-25,NEG_00_04,5.95,20,20,6,8.08,136.5
2022-06-26,NEG_00_04,6,20,20,6,8.08,136.5
2022-06-27,NEG_00_04,4.61,30,30,6,3.88,134.5
2022-06-28,NEG_00_04,3,30,30,6,8.01,71.5
2022-06-29,NEG_00_04,6,30,30,6,3.85,327.35
2022-06-30,NEG_00_04,3.9,40,40,6,4.99,138.65
2022-07-01,NEG_00_04,4.08,20,20,7,7.72,84.75
2022-07-02,NEG_00_04,3.89,20,20,7,7.72,84.75
2022-07-03,NEG_00_04,4.94,20,20,7,7.72,84.75
2022-07-04,NEG_00_04,3.88,20,20,7,7.72,336.35
2022-07-05,NEG_00_04,4.18,20,20,7,5.17,345.35
2022-07-06,NEG_00_04,3.34,20,20,7,5.36,132.1
2022-07-07,NEG_00_04,4.45,20,20,7,2.65,376.95
2022-07-08,NEG_00_04,8.14,20,20,7,3.83,144.5
2022-07-09,NEG_00_04,5.45,20,20,7,3.83,144.5
2022-07-10,NEG_00_04,9.07,20,20,7,3.83,144.5
2022-07-11,NEG_00_04,5.71,20,20,7,5.33,171.05
2022-07-12,NEG_00_04,4.32,20,20,7,2.49,323.65
2022-07-13,NEG_00_04,3.83,20,20,7,4,232.6
2022-07-14,NEG_00_04,3.34,20,20,7,2.07,270
2022-07-15,NEG_00_04,3.15,20,20,7,4.9,146
2022-07-16,NEG_00_04,5.13,20,20,7,4.9,146
2022-07-17,NEG_00_04,6.3,20,20,7,4.9,146
2022-07-18,NEG_00_04,4.43,20,20,7,2.35,230.45
2022-07-19,NEG_00_04,3.38,20,20,7,2.69,67.55
2022-07-20,NEG_00_04,14.78,20,20,7,6.96,162.05
2022-07-21,NEG_00_04,7.55,20,20,7,2.23,185.15
2022-07-22,NEG_00_04,6.74,50,50,7,2.91,137
2022-07-23,NEG_00_04,6.69,20,20,7,2.91,137
2022-07-24,NEG_00_04,6.89,20,20,7,2.91,137
2022-07-25,NEG_00_04,9.29,20,20,7,3.19,318.2
2022-07-26,NEG_00_04,8,20,20,7,6.81,139
2022-07-27,NEG_00_04,8.34,20,20,7,3.96,71.5
2022-07-28,NEG_00_04,6.81,20,20,7,7.93,326.85
2022-07-29,NEG_00_04,8.41,20,20,7,4.81,139.25
2022-07-30,NEG_00_04,6.36,20,20,7,4.81,139.25
2022-07-31,NEG_00_04,5.68,20,20,7,4.81,139.25
2022-08-01,NEG_00_04,12.76,20,20,8,7.78,85.2
2022-08-02,NEG_00_04,10.62,20,20,8,5.12,107
2022-08-03,NEG_00_04,7.86,20,20,8,4.96,345.5
2022-08-04,NEG_00_04,6,20,20,8,6.78,132.6
2022-08-05,NEG_00_04,5,20,20,8,2.71,376.05
2022-08-06,NEG_00_04,5.8,20,20,8,2.71,376.05
2022-08-07,NEG_00_04,5.7,20,20,8,2.71,376.05
2022-08-08,NEG_00_04,9.79,20,20,8,3.87,171.4
2022-08-09,NEG_00_04,7.56,20,20,8,5.33,324.05
2022-08-10,NEG_00_04,6.21,20,20,8,2.45,228.5
2022-08-11,NEG_00_04,5.26,20,20,8,2.95,270
2022-08-12,NEG_00_04,4.37,49,49,8,4.5,216.2
2022-08-13,NEG_00_04,4.65,49,49,8,4.5,216.2
2022-08-14,NEG_00_04,5.35,49,49,8,4.5,216.2
2022-08-15,NEG_00_04,8.54,49,49,8,2.17,66.1
2022-08-16,NEG_00_04,5.82,49,49,8,2.58,147
2022-08-17,NEG_00_04,4.8,50,50,8,5.19,228
2022-08-18,NEG_00_04,13.96,50,50,8,2.17,67.5
2022-08-19,NEG_00_04,8.92,49,49,8,2.75,65.95
2022-08-20,NEG_00_04,9.49,11,11,8,2.75,65.95
2022-08-21,NEG_00_04,9,20,20,8,2.75,65.95
2022-08-22,NEG_00_04,8.69,20,20,8,6.53,189
2022-08-23,NEG_00_04,7,20,20,8,3.26,137.15
2022-08-24,NEG_00_04,6.12,49,49,8,6.86,68.5
2022-08-25,NEG_00_04,5.8,50,50,8,4,323
2022-08-26,NEG_00_04,5.06,50,50,8,8.3,137.1
2022-08-27,NEG_00_04,8.18,50,50,8,8.3,137.1
2022-08-28,NEG_00_04,15.48,20,20,8,8.3,137.1
2022-08-29,NEG_00_04,13.72,50,50,8,9.68,71.8
2022-08-30,NEG_00_04,10.15,50,50,8,4.81,326.65
2022-08-31,NEG_00_04,18.09,49,49,8,7.09,107.25
2022-09-01,NEG_00_04,17.48,20,20,9,5.28,345.5
2022-09-02,NEG_00_04,11.59,20,20,9,4.79,131.9
2022-09-03,NEG_00_04,23.3,20,20,9,4.79,131.9
2022-09-04,NEG_00_04,25.14,20,20,9,4.79,131.9
2022-09-05,NEG_00_04,68.32,20,20,9,4.79,131.9
2022-09-06,NEG_00_04,76.25,20,20,9,6.78,376.3
2022-09-07,NEG_00_04,55.66,20,20,9,2.78,377.75
2022-09-08,NEG_00_04,31.38,50,50,9,3.98,172
2022-09-09,NEG_00_04,24.48,50,50,9,5,323.65
2022-09-10,NEG_00_04,20.14,20,20,9,5,323.65
2022-09-11,NEG_00_04,19.07,20,20,9,5,323.65
2022-09-12,NEG_00_04,17.92,50,50,9,3.45,231.25
2022-09-13,NEG_00_04,40.9,50,50,9,2.88,146.5
2022-09-14,NEG_00_04,28.62,50,50,9,4.62,213
2022-09-15,NEG_00_04,21.56,50,50,9,2.31,66.1
2022-09-16,NEG_00_04,43.99,50,50,9,2.51,146.95
2022-09-17,NEG_00_04,46.91,30,30,9,2.51,146.95
2022-09-18,NEG_00_04,48.7,20,20,9,2.51,146.95
2022-09-19,NEG_00_04,38.97,20,20,9,5.23,229.5
2022-09-20,NEG_00_04,33.85,50,50,9,2.15,172.4
2022-09-21,NEG_00_04,23.44,50,50,9,2.73,65.9
2022-09-22,NEG_00_04,18.52,50,50,9,8.74,190.65
2022-09-23,NEG_00_04,15.71,50,50,9,3.33,139
2022-09-24,NEG_00_04,14.61,20,20,9,3.33,139
2022-09-25,NEG_00_04,17.45,20,20,9,3.33,139
2022-09-26,NEG_00_04,29.34,50,50,9,6.24,68.5
2022-09-27,NEG_00_04,44.82,50,50,9,4.06,326.85
2022-09-28,NEG_00_04,29.56,50,50,9,3.95,135.8
2022-09-29,NEG_00_04,23.8,50,50,9,9.19,71.8
2022-09-30,NEG_00_04,18,50,50,9,4.98,332.35
2022-10-01,NEG_00_04,53.96,20,20,10,4.98,332.35
2022-10-02,NEG_00_04,81.2,20,20,10,4.98,332.35
2022-10-03,NEG_00_04,75.21,20,20,10,6.83,108
2022-10-04,NEG_00_04,46.02,20,20,10,2.71,350
2022-10-05,NEG_00_04,49.6,9,9,10,4.97,132.3
2022-10-06,NEG_00_04,69.06,20,20,10,7.31,148.35
2022-10-07,NEG_00_04,45.9,20,20,10,2.61,370
2022-10-08,NEG_00_04,43.45,20,20,10,2.61,370
2022-10-09,NEG_00_04,36.61,15,15,10,2.61,370
2022-10-10,NEG_00_04,43.33,20,20,10,3.73,172.85
2022-10-11,NEG_00_04,36.46,20,20,10,5.08,327
2022-10-12,NEG_00_04,30,50,50,10,4.03,150
2022-10-13,NEG_00_04,27.1,50,50,10,3.26,213.9
2022-10-14,NEG_00_04,23.18,50,50,10,2.85,66.05
2022-10-15,NEG_00_04,24,20,15,10,2.85,66.05
2022-10-16,NEG_00_04,38.75,20,20,10,2.85,66.05
2022-10-17,NEG_00_04,32.5,20,20,10,4.57,142.75
2022-10-18,NEG_00_04,24.81,50,50,10,2.45,228.7
2022-10-19,NEG_00_04,23.33,15,15,10,2.52,163.25
2022-10-20,NEG_00_04,45.57,15,15,10,5.4,170
2022-10-21,NEG_00_04,36.89,20,20,10,2.22,65.7
2022-10-22,NEG_00_04,28.11,20,20,10,2.22,65.7
2022-10-23,NEG_00_04,24.7,20,15,10,2.22,65.7
2022-10-24,NEG_00_04,48.44,15,15,10,2.27,193.1
2022-10-25,NEG_00_04,37.81,37,37,10,2.89,137.9
2022-10-26,NEG_00_04,27.7,15,15,10,8.8,68.5
2022-10-27,NEG_00_04,21.66,20,20,10,3.42,325.05
2022-10-28,NEG_00_04,19.96,20,20,10,6.22,135.15
2022-10-29,NEG_00_04,16.77,20,20,10,6.22,135.15
2022-10-30,NEG_00_04,18.81,15,15,10,6.22,135.15
2022-10-31,NEG_00_04,16.47,15,15,10,3.9,138.75
2022-11-01,NEG_00_04,20.37,90,90,11,9.33,85.5
2022-11-02,NEG_00_04,34.56,15,15,11,5.14,331.05
2022-11-03,NEG_00_04,29,15,15,11,5.2,108.25
2022-11-04,NEG_00_04,21.7,20,20,11,2.78,348.1
2022-11-05,NEG_00_04,16.62,20,20,11,2.78,348.1
2022-11-06,NEG_00_04,27.45,15,15,11,2.78,348.1
2022-11-07,NEG_00_04,78.12,15,15,11,5.07,148.5
2022-11-08,NEG_00_04,52.24,20,20,11,2.52,371.25
2022-11-09,NEG_00_04,49,15,15,11,2.6,187.75
2022-11-10,NEG_00_04,38.83,20,20,11,4.05,269.55
2022-11-11,NEG_00_04,27.65,20,20,11,3.07,149.6
2022-11-12,NEG_00_04,21.88,20,20,11,3.07,149.6
2022-11-13,NEG_00_04,19,20,20,11,3.07,149.6
2022-11-14,NEG_00_04,29.73,11,11,11,2.78,213.8
2022-11-15,NEG_00_04,22.8,20,20,11,2.57,66.1
2022-11-16,NEG_00_04,28.28,20,20,11,5.57,142
2022-11-17,NEG_00_04,45.03,15,15,11,6.67,67.45
2022-11-18,NEG_00_04,31.85,20,20,11,2.31,164.6
2022-11-19,NEG_00_04,27.73,20,20,11,2.31,164.6
2022-11-20,NEG_00_04,21.69,20,20,11,2.31,164.6
2022-11-21,NEG_00_04,27.54,20,20,11,2.91,166.75
2022-11-22,NEG_00_04,69.95,20,20,11,8.97,65.8
2022-11-23,NEG_00_04,42.2,20,20,11,3.5,193
2022-11-24,NEG_00_04,56.12,20,20,11,3.5,68.5
2022-11-25,NEG_00_04,43.33,20,20,11,8.73,324.85
2022-11-26,NEG_00_04,31.02,20,20,11,8.73,324.85
2022-11-27,NEG_00_04,29.15,20,20,11,8.73,324.85
2022-11-28,NEG_00_04,30.9,15,11,11,3.9,326
2022-11-29,NEG_00_04,33.65,20,20,11,9.38,140
2022-11-30,NEG_00_04,28.26,20,20,11,5.9,85.75
2022-12-01,NEG_00_04,24.59,15,15,12,5.61,330.65
2022-12-02,NEG_00_04,21.55,20,20,12,2.9,108.5
2022-12-03,NEG_00_04,19.8,15,15,12,2.9,108.5
2022-12-04,NEG_00_04,19.8,20,20,12,2.9,108.5
2022-12-05,NEG_00_04,36.98,20,20,12,7.02,387.35
2022-12-06,NEG_00_04,25.78,20,20,12,2.66,148.9
2022-12-07,NEG_00_04,34.6,20,20,12,4.28,368
2022-12-08,NEG_00_04,24.54,12,12,12,2.94,237.15
2022-12-09,NEG_00_04,21.25,15,15,12,2.77,270.05
2022-12-10,NEG_00_04,16.37,20,20,12,2.77,270.05
2022-12-11,NEG_00_04,16.37,20,20,12,2.77,270.05
2022-12-12,NEG_00_04,22.99,20,20,12,2.56,148
2022-12-13,NEG_00_04,23.59,20,20,12,2.79,214.7
2022-12-14,NEG_00_04,25.39,20,20,12,6.85,67.65
2022-12-15,NEG_00_04,30.29,15,15,12,2.12,165.95
2022-12-16,NEG_00_04,39.95,20,20,12,2.98,166.4
2022-12-17,NEG_00_04,23,20,20,12,2.98,166.4
2022-12-18,NEG_00_04,20.6,20,20,12,2.98,166.4
2022-12-19,NEG_00_04,56.14,15,15,12,8.91,66.15
2022-12-20,NEG_00_04,58.32,15,15,12,4.1,68.5
2022-12-21,NEG_00_04,33,20,20,12,8.99,71.7
2022-12-22,NEG_00_04,34.13,20,20,12,4.18,324.75
2022-12-23,NEG_00_04,27.61,20,20,12,9.3,140.15
2022-12-24,NEG_00_04,41.92,15,15,12,9.3,140.15
2022-12-25,NEG_00_04,32,15,15,12,9.3,140.15
2022-12-26,NEG_00_04,40.07,15,15,12,9.3,140.15
2022-12-27,NEG_00_04,41.31,20,20,12,6.9,85.65
2022-12-28,NEG_00_04,42,15,15,12,5.88,330.6
2022-12-29,NEG_00_04,52.02,15,15,12,5.61,132.1
2022-12-30,NEG_00_04,34.9,15,15,12,5.45,389.5
2022-12-31,NEG_00_04,35.46,15,15,12,5.45,389.5
2023-01-01,NEG_00_04,37.78,15,15,1,5.45,389.5
2023-01-02,NEG_00_04,31.49,27,27,1,2.76,149
2023-01-03,NEG_00_04,26.4,20,20,1,6.27,368.8
2023-01-04,NEG_00_04,35.96,15,15,1,3.11,325.75
2023-01-05,NEG_00_04,42.41,15,15,1,2.73,234
2023-01-06,NEG_00_04,25.06,20,20,1,2.09,269.1
2023-01-07,NEG_00_04,19.2,15,15,1,2.09,269.1
2023-01-08,NEG_00_04,27.18,15,15,1,2.09,269.1
2023-01-09,NEG_00_04,30.7,15,15,1,2.87,148
2023-01-10,NEG_00_04,22.92,20,20,1,7.27,67.7
2023-01-11,NEG_00_04,38.46,15,15,1,2.36,165.95
2023-01-12,NEG_00_04,39.2,15,15,1,2.96,167.15
2023-01-13,NEG_00_04,68.92,15,15,1,8.73,148.15
2023-01-14,NEG_00_04,36.61,15,15,1,8.73,148.15
2023-01-15,NEG_00_04,50,20,20,1,8.73,148.15
2023-01-16,NEG_00_04,33.4,15,15,1,8.73,136.75
2023-01-17,NEG_00_04,30.3,20,20,1,6.5,71.85
2023-01-18,NEG_00_04,22,15,15,1,3.97,323.55
2023-01-19,NEG_00_04,23.77,10,10,1,8.69,140
2023-01-20,NEG_00_04,19,50,50,1,4.37,85.75
2023-01-21,NEG_00_04,15.99,50,50,1,4.37,85.75
2023-01-22,NEG_00_04,19.42,20,20,1,4.37,85.75
2023-01-23,NEG_00_04,16.12,50,50,1,5.71,329.75
2023-01-24,NEG_00_04,14.27,50,50,1,6.65,372
2023-01-25,NEG_00_04,12.36,50,50,1,6.2,132.6
2023-01-26,NEG_00_04,10.52,50,50,1,5.19,387
2023-01-27,NEG_00_04,9.74,20,20,1,2.84,148.95
2023-01-28,NEG_00_04,8.03,50,50,1,2.84,148.95
2023-01-29,NEG_00_04,7.52,20,20,1,2.84,148.95
2023-01-30,NEG_00_04,42.04,20,20,1,4.06,201.75
2023-01-31,NEG_00_04,32.61,20,20,1,5.28,325.6
2023-02-01,NEG_00_04,32,20,20,2,2.66,232.85
2023-02-02,NEG_00_04,38.9,20,20,2,4.64,267.9
2023-02-03,NEG_00_04,26.72,20,20,2,4.4,140.7
2023-02-04,NEG_00_04,19.31,10,10,2,4.4,140.7
2023-02-05,NEG_00_04,13.28,20,20,2,4.4,140.7
2023-02-06,NEG_00_04,15.04,50,50,2,2.75,223.35
2023-02-07,NEG_00_04,11.2,50,50,2,5.51,67.8
2023-02-08,NEG_00_04,8.91,50,50,2,2.03,166.5
2023-02-09,NEG_00_04,11.04,20,20,2,2.93,254.25
2023-02-10,NEG_00_04,10.21,20,20,2,6.89,145.9
2023-02-11,NEG_00_04,28.08,20,20,2,6.89,145.9
2023-02-12,NEG_00_04,12.42,20,20,2,6.89,145.9
2023-02-13,NEG_00_04,11.15,50,50,2,2.41,270.4
2023-02-14,NEG_00_04,8.66,50,50,2,2.99,137.8
2023-02-15,NEG_00_04,7.07,50,50,2,3.62,71.75
2023-02-16,NEG_00_04,8.46,20,20,2,6.55,322.85
2023-02-17,NEG_00_04,8.49,20,20,2,4.04,140
2023-02-18,NEG_00_04,27.75,20,20,2,4.04,140
2023-02-19,NEG_00_04,14.88,20,20,2,4.04,140
2023-02-20,NEG_00_04,16.2,20,20,2,4.04,85.75
2023-02-21,NEG_00_04,29.85,20,20,2,8.13,113.15
2023-02-22,NEG_00_04,12,50,50,2,5.84,366.5
2023-02-23,NEG_00_04,8.3,20,20,2,6.87,132.9
2023-02-24,NEG_00_04,6.71,20,20,2,5.78,390.25
2023-02-25,NEG_00_04,26.12,20,20,2,5.78,390.25
2023-02-26,NEG_00_04,12.8,20,20,2,5.78,390.25
2023-02-27,NEG_00_04,9.29,20,20,2,5.68,202.3
2023-02-28,NEG_00_04,6.84,20,20,2,6.71,328.15
2023-03-01,NEG_00_04,5.34,20,20,3,2.31,233
2023-03-02,NEG_00_04,4.19,20,20,3,4.06,275.15
2023-03-03,NEG_00_04,3.44,20,20,3,4.71,249
2023-03-04,NEG_00_04,9.9,20,20,3,4.71,249
2023-03-05,NEG_00_04,8.1,20,20,3,4.71,249
2023-03-06,NEG_00_04,7.72,20,20,3,2.56,135.6
2023-03-07,NEG_00_04,16.56,20,20,3,2.59,227.35
2023-03-08,NEG_00_04,9.02,20,20,3,5.34,67.8
2023-03-09,NEG_00_04,7.64,50,50,3,1.99,70.6
2023-03-10,NEG_00_04,7.01,20,20,3,2.91,268.3
2023-03-11,NEG_00_04,25.22,20,20,3,2.91,268.3
2023-03-12,NEG_00_04,10.57,20,20,3,2.91,268.3
2023-03-13,NEG_00_04,43.44,20,20,3,7.24,137.75
2023-03-14,NEG_00_04,48.36,20,20,3,3.63,71.9
2023-03-15,NEG_00_04,22.5,20,20,3,6.5,322.85
2023-03-16,NEG_00_04,15,20,20,3,4.06,115.05
2023-03-17,NEG_00_04,28.61,20,20,3,8.23,364.75
2023-03-18,NEG_00_04,13.4,20,20,3,8.23,364.75
2023-03-19,NEG_00_04,10.31,20,20,3,8.23,364.75
2023-03-20,NEG_00_04,9.58,20,20,3,9.35,132.9
2023-03-21,NEG_00_04,7.86,20,20,3,5.48,388
2023-03-22,NEG_00_04,14.21,20,20,3,6.87,375.05
2023-03-23,NEG_00_04,27.7,20,20,3,5.43,208.5
2023-03-24,NEG_00_04,24.49,20,20,3,4.85,328.15
2023-03-25,NEG_00_04,23.34,20,20,3,4.85,328.15
2023-03-26,NEG_00_04,18.65,20,20,3,4.85,328.15
2023-03-27,NEG_00_04,15.55,20,20,3,7.24,232.65
2023-03-28,NEG_00_04,12.6,20,20,3,2.47,127
2023-03-29,NEG_00_04,9.36,20,20,3,4.02,260
2023-03-30,NEG_00_04,10.93,20,20,3,4.56,138.35
2023-03-31,NEG_00_04,12.81,20,20,3,2.68,227.85
2023-04-01,NEG_00_04,13.51,20,20,4,2.68,227.85
2023-04-02,NEG_00_04,12.59,20,20,4,2.68,227.85
2023-04-03,NEG_00_04,9.96,20,20,4,2.62,139
2023-04-04,NEG_00_04,7.55,20,20,4,5.61,70
2023-04-05,NEG_00_04,5.22,50,50,4,2.1,271.65
2023-04-06,NEG_00_04,4.23,20,20,4,2.93,137.9
2023-04-07,NEG_00_04,4.17,20,20,4,3.65,137.9
2023-04-08,NEG_00_04,3.48,20,20,4,3.65,137.9
2023-04-09,NEG_00_04,2.99,20,20,4,3.65,137.9
2023-04-10,NEG_00_04,3.24,20,20,4,5.42,71.9
2023-04-11,NEG_00_04,17.56,20,20,4,3.91,306
2023-04-12,NEG_00_04,9.61,20,20,4,4.31,120.75
2023-04-13,NEG_00_04,19.7,20,20,4,9.04,370
2023-04-14,NEG_00_04,8.03,30,30,4,5.87,132.9
2023-04-15,NEG_00_04,5.98,20,20,4,5.87,132.9
2023-04-16,NEG_00_04,4.69,20,20,4,5.87,132.9
2023-04-17,NEG_00_04,4.48,20,20,4,6.77,365.75
2023-04-18,NEG_00_04,3.9,20,20,4,2.88,218.65
2023-04-19,NEG_00_04,4.27,20,20,4,4.57,328.5
2023-04-20,NEG_00_04,3.58,20,20,4,6.93,111.1
2023-04-21,NEG_00_04,3.46,20,20,4,2.42,279
2023-04-22,NEG_00_04,3.04,20,20,4,2.42,279
2023-04-23,NEG_00_04,2.65,20,20,4,2.42,279
2023-04-24,NEG_00_04,4.22,20,20,4,3.56,138
2023-04-25,NEG_00_04,3.43,20,20,4,4.48,228.35
2023-04-26,NEG_00_04,2.64,20,20,4,4.87,178.25
2023-04-27,NEG_00_04,6.63,30,30,4,2.68,136.65
2023-04-28,NEG_00_04,3.45,20,20,4,2.61,70.05
2023-04-29,NEG_00_04,2.86,20,20,4,2.61,70.05
2023-04-30,NEG_00_04,2.47,20,20,4,2.61,70.05
2023-05-01,NEG_00_04,2.39,20,20,5,5.64,273
2023-05-02,NEG_00_04,2.49,20,20,5,2.22,137.8
2023-05-03,NEG_00_04,2.19,20,20,5,8.15,333
2023-05-04,NEG_00_04,1.88,20,20,5,4.38,153.75
2023-05-05,NEG_00_04,2.09,20,20,5,9.13,367
2023-05-06,NEG_00_04,1.83,20,20,5,9.13,367
2023-05-07,NEG_00_04,1.78,20,20,5,9.13,367
